,timestamp,tweet,retweet_count,filter,TB_sscore,TB_subjectivity,GCL_sscore,GCL_smag,TB_sentiment,GCL_sentiment,manual
2,2021-05-20 20:13:36+00:00,  Bitcoin hashing (aka mining) energy usage is starting to exceed that of medium-sized countries. Almost impossible for small hashers to succeed without those massive economies of scale.,760,TRUE,-0.229166667,0.625,0.1,0.5,negative,positive,-1
5,2021-05-20 17:56:35+00:00," Yeah, I haven‚Äôt &amp; won‚Äôt sell any Doge",10320,TRUE,0,0,-0.5,0.5,neutral,negative,1
6,2021-05-20 17:53:25+00:00, A longtime Tesla supporter gave me the Doge dollar sticker at Giga Berlin,2477,TRUE,0,0,0.1,0.1,neutral,positive,1
12,2021-05-20 13:31:24+00:00,"  Currency is already digital! Decentralized crypto is an attempt to wrest power of currency dilution (pernicious form of taxation) &amp; capital controls from governments. That said, I sure hope the cure is better than the disease!

Mars/AI are essential to passing the great filter/s.",1197,TRUE,0.385,0.487777778,0.1,1.3,positive,positive,1
18,2021-05-20 10:41:00+00:00,How much is that Doge in the window? ,49661,TRUE,0.2,0.2,0,0,positive,neutral,1
26,2021-05-19 14:42:44+00:00,Tesla has üíé üôå,58157,TRUE,0,0,0.5,0.5,neutral,positive,1
37,2021-05-17 05:56:52+00:00,"_Archive To clarify speculation, Tesla has not sold any Bitcoin",18524,TRUE,0,0,-0.5,0.5,neutral,negative,1
40,2021-05-16 18:24:49+00:00,"  Hey cryptocurrency ‚Äúexperts‚Äù, ever heard of PayPal? It‚Äôs possible ‚Ä¶ maybe ‚Ä¶ that I know than you realize about how money works.",7257,TRUE,0,1,-0.1,0.9,neutral,negative,-1
41,2021-05-16 18:17:17+00:00,"  Bitcoin is actually highly centralized, with supermajority controlled by handful of big mining (aka hashing) companies. 

A single coal mine in Xinjiang flooded, almost killing miners, and Bitcoin hash rate dropped 35%. Sound ‚Äúdecentralized‚Äù to you?

fortune.com/2021/04/20/bit‚Ä¶",7847,TRUE,0.122142857,0.313571429,-0.1,1.3,positive,negative,-1
42,2021-05-16 18:07:06+00:00," _saylor He should wear outfit for Halloween, but with ‚ÄúBitcoin‚Äù tattooed high on thighs",2135,TRUE,0.16,0.54,-0.3,0.3,positive,negative,-1
44,2021-05-16 17:21:24+00:00, Obnoxious threads like this make me want to go all in on Doge,17414,TRUE,0,0,0.7,0.7,neutral,positive,-1
49,2021-05-16 02:03:55+00:00,_elon  Only if Doge can‚Äôt do it. Big pain in the neck to create another one.,4455,TRUE,0,0.55,-0.6,1.2,neutral,negative,1
51,2021-05-16 01:20:45+00:00," Ideally, Doge speeds up block time 10X, increases block size 10X &amp; drops fee 100X. Then it wins hands down.",14212,TRUE,0.348148148,0.496296296,0.5,1.1,positive,positive,1
58,2021-05-13 22:45:16+00:00,Working with Doge devs to improve system transaction efficiency. Potentially promising.,87663,TRUE,0.2,0.5,0.2,0.4,positive,positive,1
60,2021-05-13 21:11:46+00:00,"To be clear, I strongly believe in crypto, but it can‚Äôt drive a massive increase in fossil fuel use, especially coal",35863,TRUE,0.133333333,0.779166667,-0.5,0.5,positive,negative,-1
64,2021-05-12 22:06:14+00:00,Tesla &amp; Bitcoin ,78687,TRUE,0,0,0,0,neutral,neutral,-1
74,2021-05-11 08:13:35+00:00,Do you want Tesla to accept Doge?,99292,TRUE,0,0,-0.2,0.2,neutral,negative,-1
84,2021-05-09 22:41:43+00:00,"SpaceX launching satellite Doge-1 to the moon next year

‚Äì Mission paid for in Doge
‚Äì 1st crypto in space
‚Äì 1st meme in space

To the mooooonnn!!

m.youtube.com/watch?v=s3NWyh‚Ä¶",119245,TRUE,0,0,0.1,0.4,neutral,positive,1
102,2021-05-07 04:24:20+00:00,"Cryptocurrency is promising, but please invest with caution! m.youtube.com/watch?v=u_U_dO‚Ä¶",39418,TRUE,0.25,0.5,-0.2,0.5,positive,negative,1
160,2021-04-28 06:20:47+00:00,"The Dogefather
SNL May 8",80289,TRUE,0,0,0.1,0.1,neutral,positive,1
175,2021-04-26 23:15:01+00:00," No, you do not. I have not sold any of my Bitcoin. Tesla sold 10% of its holdings essentially to prove liquidity of Bitcoin as an alternative to holding cash on balance sheet.",13312,TRUE,0,0.3,-0.3,1.1,neutral,negative,1
249,2021-04-15 04:33:18+00:00,Doge Barking at the Moon ,50708,TRUE,0,0,0,0,neutral,neutral,1
250,2021-04-15 04:28:47+00:00, Doge Barking at the Moon ‚Äì Miro ,2670,TRUE,0,0,0,0,neutral,neutral,1
380,2021-04-01 10:25:23+00:00,SpaceX is going to put a literal Dogecoin on the literal moon,53339,TRUE,0,0,-0.2,0.2,neutral,negative,1
439,2021-03-24 07:10:43+00:00,Pay by Bitcoin capability available outside US later this year,9238,TRUE,0.133333333,0.15,0,0,positive,neutral,1
440,2021-03-24 07:09:34+00:00,"Tesla is using only internal &amp; open source software &amp; operates Bitcoin nodes directly.

Bitcoin paid to Tesla will be retained as Bitcoin, not converted to fiat currency.",20371,TRUE,0.025,0.475,-0.2,0.4,positive,negative,1
441,2021-03-24 07:02:40+00:00,You can now buy a Tesla with Bitcoin,114655,TRUE,0,0,0.5,0.5,neutral,positive,1
485,2021-03-18 21:17:16+00:00, Sometimes it‚Äôs about Doge,3595,TRUE,0,0,-0.2,0.2,neutral,negative,1
493,2021-03-15 23:11:50+00:00, 420M Doge,5132,TRUE,0,0,0.3,0.3,neutral,positive,1
510,2021-03-13 23:51:05+00:00,"Why are you so dogematic, they ask",19474,TRUE,0,0,-0.7,0.7,neutral,negative,1
511,2021-03-13 23:46:16+00:00,"Origin of Doge Day Afternoon:
The ancient Romans sacrificed a Dogecoin at the beginning of the Doge Days to appease the rage of Sirius, believing that the star was the cause of the hot, sultry weather.",7884,TRUE,0.25,0.85,-0.2,0.2,positive,negative,1
512,2021-03-13 23:40:41+00:00,Doge day afternoon,18858,TRUE,0,0,0.1,0.1,neutral,positive,1
521,2021-03-12 18:58:22+00:00,"BTC (Bitcoin) is an anagram of
TBC(The Boring Company)
What a coincidence!",17646,TRUE,-1,1,0,0,negative,neutral,1
561,2021-03-06 04:40:30+00:00,Doge spelled backwards is Egod,38791,TRUE,0,0,0,0,neutral,neutral,1
596,2021-03-02 21:07:09+00:00," Very much so &amp; its leader shall be The Doge 
en.m.wikipedia.org/wiki/Doge",1662,TRUE,0.26,0.26,0.8,0.8,positive,positive,1
601,2021-03-02 17:50:44+00:00,Scammers &amp; crypto should get a room,16648,TRUE,0,0,0,0,neutral,neutral,-1
602,2021-03-02 08:36:34+00:00, 2022: Dogecoin is dumb,1996,TRUE,-0.375,0.5,-0.8,0.8,negative,negative,-1
608,2021-03-01 19:57:08+00:00,Doge meme shield (legendary item) ,26863,TRUE,1,1,0.2,0.2,positive,positive,1
665,2021-02-21 21:27:06+00:00,Dojo 4 Doge,32841,TRUE,0,0,0.3,0.3,neutral,positive,1
670,2021-02-20 23:42:57+00:00,Cryptocurrency explained m.youtube.com/watch?v=YHjYt6‚Ä¶,23911,TRUE,0,0,0,0,neutral,neutral,1
672,2021-02-20 20:52:56+00:00,Heard a rumor some crypto coin was pegging the dollar ü§£ü§£,21105,TRUE,0,0,-0.1,0.1,neutral,negative,-1
676,2021-02-20 08:42:28+00:00, I just set up some little Doge mining rigs with my kids. It was fun.,6789,TRUE,0.05625,0.35,0.5,1.1,positive,positive,1
679,2021-02-20 06:07:51+00:00," An email saying you have gold is not the same as having gold. You might as well have crypto.

Money is just data that allows us to avoid the inconvenience of barter.

That data, like all data, is subject to latency &amp; error. The system will evolve to that which minimizes both.",10310,TRUE,-0.083333333,0.229166667,-0.3,2.1,negative,negative,-1
686,2021-02-19 04:20:47+00:00,"  Somehow, a hash text file using ancient crypto can be exchanged for real goods &amp; services!? Amazing.",1072,TRUE,0.425,0.6,0.4,1.1,positive,positive,1
687,2021-02-19 03:11:31+00:00," To be clear, I am *not* an investor, I am an engineer. I don‚Äôt even own any publicly traded stock besides Tesla. 

However, when fiat currency has negative real interest, only a fool wouldn‚Äôt look elsewhere. 

Bitcoin is almost as bs as fiat money. The key word is ‚Äúalmost‚Äù.",6242,TRUE,0.085714286,0.592857143,-0.4,2.6,positive,negative,
688,2021-02-19 03:01:02+00:00," Tesla‚Äôs action is not directly reflective of my opinion. Having some Bitcoin, which is simply a less dumb form of liquidity than cash, is adventurous enough for an S&amp;P500 company.",3433,TRUE,0.001388889,0.411111111,-0.1,1.2,positive,negative,-1
706,2021-02-14 23:33:22+00:00, An acceptable percentage. Doge is much more concentrated.,741,TRUE,0.5,0.5,0.1,0.3,positive,positive,1
707,2021-02-14 23:25:16+00:00,"If major Dogecoin holders sell most of their coins, it will get my full support. Too much concentration is the only real issue imo.",34814,TRUE,0.21875,0.508333333,0,0.6,positive,neutral,1
718,2021-02-11 23:27:37+00:00, Doge is underestimated,8575,TRUE,0,0,0,0,neutral,neutral,1
721,2021-02-11 09:08:33+00:00,"Frodo was the underdoge,
All thought he would fail,
Himself most of all. ",30416,TRUE,0,0.4,-0.2,0.2,neutral,negative,1
729,2021-02-10 15:08:11+00:00,"Bought some Dogecoin for lil X, so he can be a toddler hodler",59142,TRUE,0,0,0.1,0.1,neutral,positive,1
735,2021-02-10 07:13:58+00:00, Any crypto wallet that won‚Äôt give you your private keys should be avoided at all costs,4717,TRUE,0,0.375,-0.8,0.8,neutral,negative,-1
749,2021-02-08 05:27:36+00:00," Doge appears to be inflationary, but is not meaningfully so (fixed # of coins per unit time), whereas BTC is arguably deflationary to a fault.

Transaction speed of Doge should ideally be a few orders of magnitude faster.",3559,TRUE,-0.125,0.15,-0.3,0.7,negative,negative,
757,2021-02-07 22:25:14+00:00,üé∂ Who let the Doge out üé∂,114450,TRUE,0,0,-0.3,0.3,neutral,negative,1
760,2021-02-07 06:24:50+00:00, It‚Äôs the most fun crypto!,3742,TRUE,0.4375,0.35,0.9,0.9,positive,positive,1
774,2021-02-06 08:42:25+00:00, Dogecake,1314,TRUE,0,0,0.3,0.3,neutral,positive,1
802,2021-02-04 08:27:10+00:00,"No highs, no lows, only Doge",113712,TRUE,0,1,-0.4,0.4,neutral,negative,1
804,2021-02-04 08:15:26+00:00,Dogecoin is the people‚Äôs crypto,103743,TRUE,0,0,0.3,0.3,neutral,positive,1
807,2021-02-04 07:35:35+00:00,Doge,45959,TRUE,0,0,0.3,0.3,neutral,positive,1
1139,2020-12-20 09:30:04+00:00,One word: Doge,26216,TRUE,0,0,0.2,0.2,neutral,positive,1
1140,2020-12-20 09:24:37+00:00,Bitcoin is almost as bs as fiat money,10135,TRUE,0,0,-0.9,0.9,neutral,negative,-1
1148,2020-12-20 08:21:25+00:00,Bitcoin is my safe word,19760,TRUE,0.5,0.5,0.4,0.4,positive,positive,1
1214,2020-12-03 23:40:23+00:00, And no toilet paper ü§£ü§£,74,TRUE,0.016666667,0,-0.7,0.7,positive,negative,1
1336,2020-11-17 18:45:21+00:00,   Dojo/Doge,73,TRUE,0,0,0,0,neutral,neutral,1
1355,2020-11-17 06:54:03+00:00," _Williams üëª üíµ 
theonion.com/bitcoin-plunge‚Ä¶",55,TRUE,0,0,0.2,0.2,neutral,positive,1
1358,2020-11-16 22:02:51+00:00,_Williams üé∂ Toss a bitcoin to ur Witcher üé∂,3287,TRUE,0,0,0.2,0.2,neutral,positive,1
1891,2020-09-20 03:33:30+00:00,  Shaped like a diamond &amp; aligned on true north,207,TRUE,0.35,0.65,0.5,0.5,positive,positive,1
2502,2020-07-18 00:53:43+00:00," Excuse me, I only sell Doge!",849,TRUE,-0.025,0.525,-0.3,0.3,negative,negative,1
2715,2020-07-02 16:42:52+00:00,"    I‚Äôm not building anything on ethereum. Not for or against it, just don‚Äôt use it or own any.",177,TRUE,0.6,1,-0.6,1.2,positive,negative,-1
2922,2020-06-10 18:42:22+00:00,"  We could never reach 380 Isp with RP/kerosene. CH4 has higher Isp potential on paper, but even better in practice. With CH4, you can reach &gt;99% of max theoretical combustion efficiency, but RP is ~97% on a good day &amp; requires desooting of turbines between flights.",96,TRUE,0.29,0.54,0.2,1.9,positive,positive,
2937,2020-06-10 14:00:33+00:00,"  (Formerly) mainstream media has systemic negative &amp; political bias about almost everything. Reading major newspapers makes you feel sad &amp; angry. That‚Äôs why they‚Äôre being crushed by . Likes/retweets of old media are extremely low. Ironic article:
nytimes.com/2020/05/25/opi‚Ä¶",1879,TRUE,-0.10375,0.45,-0.6,3.2,negative,negative,
3074,2020-05-15 22:51:44+00:00,_rowling I still only own 0.25 Bitcoins btw,994,TRUE,0.3,1,-0.1,0.1,positive,negative,1
3075,2020-05-15 22:03:01+00:00,"_rowling Pretty much, although massive currency issuance by govt central banks is making Bitcoin Internet üëª money look solid by comparison",2818,TRUE,0.09,0.51,0,0,positive,neutral,1
3338,2020-05-01 22:44:56+00:00, How much for some anime Bitcoin? ,2204,TRUE,0.2,0.2,0,0,positive,neutral,1
3430,2020-04-25 13:29:52+00:00,  Dogecoin Mode,236,TRUE,0,0,0.3,0.3,neutral,positive,1
3632,2020-04-12 05:26:40+00:00,Turns out that gun is for the toilet paper ,49831,TRUE,-0.033333333,0,-0.5,0.5,negative,negative,
3776,2020-03-27 15:27:10+00:00," Biggest value Tesla is providing is precise delivery of ventilators exactly to the ICU where &amp; when they‚Äôre needed. There are many ventilators in warehouses, but stuck in logistics/routing/paperwork issues.",363,TRUE,0.383333333,0.516666667,0,1.6,positive,neutral,
3891,2020-03-17 03:27:14+00:00,This paper matches what I‚Äôm hearing from a lot of smart people elsevier.com/__data/assets/‚Ä¶,1323,TRUE,0.214285714,0.642857143,0.9,0.9,positive,positive,
4217,2020-02-01 23:47:25+00:00, The crypto scam level on Twitter is reaching new levels. This is not cool.,435,TRUE,-0.019318182,0.552272727,-0.7,1.5,negative,negative,-1
4373,2020-01-10 06:53:10+00:00,Bitcoin is *not* my safe word,8710,TRUE,0.5,0.5,-0.7,0.7,positive,negative,-1
6118,2019-05-24 20:20:34+00:00,_Ryan Paperwork &amp; hundreds of approving authorities is by far the hardest part,17,TRUE,0.1,1,-0.3,0.3,positive,negative,
6324,2019-04-30 07:24:40+00:00, What should be developed on Ethereum?,1158,TRUE,0.1,0.3,0,0,positive,neutral,1
6332,2019-04-30 01:15:53+00:00,Ethereum,9338,TRUE,0,0,0.3,0.3,neutral,positive,1
6557,2019-04-13 16:22:16+00:00, Cryptocurrency is my safe word,1741,TRUE,0.5,0.5,0.4,0.4,positive,positive,
6672,2019-04-02 20:38:38+00:00,Dogecoin value may vary theonion.com/bitcoin-plunge‚Ä¶,1943,TRUE,0,0,-0.3,0.3,neutral,negative,-1
6673,2019-04-02 20:16:58+00:00,Dogecoin rulz ,16425,TRUE,0,0,0.3,0.3,neutral,positive,1
6675,2019-04-02 09:24:39+00:00,_Heats Dogecoin might be my fav cryptocurrency. It‚Äôs pretty cool.,3402,TRUE,0.3,0.825,0.9,1.8,positive,positive,1